corpus,year,topic,n_docs,n_docs_total_year,share
speeches,1994,0,0,1,0.0
speeches,1994,1,0,1,0.0
speeches,1994,2,0,1,0.0
speeches,1994,3,0,1,0.0
speeches,1994,4,0,1,0.0
speeches,1994,5,1,1,1.0
speeches,1994,6,0,1,0.0
speeches,1994,7,0,1,0.0
speeches,1994,8,0,1,0.0
speeches,1994,9,0,1,0.0
speeches,1994,10,0,1,0.0
speeches,1994,11,0,1,0.0
speeches,1995,0,0,18,0.0
speeches,1995,1,0,18,0.0
speeches,1995,2,0,18,0.0
speeches,1995,3,3,18,0.1667
speeches,1995,4,0,18,0.0
speeches,1995,5,8,18,0.4444
speeches,1995,6,0,18,0.0
speeches,1995,7,1,18,0.0556
speeches,1995,8,2,18,0.1111
speeches,1995,9,0,18,0.0
speeches,1995,10,4,18,0.2222
speeches,1995,11,0,18,0.0
speeches,1996,0,0,22,0.0
speeches,1996,1,0,22,0.0
speeches,1996,2,0,22,0.0
speeches,1996,3,1,22,0.0455
speeches,1996,4,0,22,0.0
speeches,1996,5,6,22,0.2727
speeches,1996,6,0,22,0.0
speeches,1996,7,2,22,0.0909
speeches,1996,8,3,22,0.1364
speeches,1996,9,0,22,0.0
speeches,1996,10,10,22,0.4545
speeches,1996,11,0,22,0.0
speeches,1997,0,0,22,0.0
speeches,1997,1,0,22,0.0
speeches,1997,2,0,22,0.0
speeches,1997,3,10,22,0.4545
speeches,1997,4,0,22,0.0
speeches,1997,5,7,22,0.3182
speeches,1997,6,0,22,0.0
speeches,1997,7,3,22,0.1364
speeches,1997,8,0,22,0.0
speeches,1997,9,0,22,0.0
speeches,1997,10,2,22,0.0909
speeches,1997,11,0,22,0.0
speeches,1998,0,0,19,0.0
speeches,1998,1,0,19,0.0
speeches,1998,2,0,19,0.0
speeches,1998,3,7,19,0.3684
speeches,1998,4,0,19,0.0
speeches,1998,5,2,19,0.1053
speeches,1998,6,0,19,0.0
speeches,1998,7,4,19,0.2105
speeches,1998,8,0,19,0.0
speeches,1998,9,3,19,0.1579
speeches,1998,10,3,19,0.1579
speeches,1998,11,0,19,0.0
speeches,1999,0,1,15,0.0667
speeches,1999,1,2,15,0.1333
speeches,1999,2,0,15,0.0
speeches,1999,3,4,15,0.2667
speeches,1999,4,0,15,0.0
speeches,1999,5,2,15,0.1333
speeches,1999,6,0,15,0.0
speeches,1999,7,1,15,0.0667
speeches,1999,8,1,15,0.0667
speeches,1999,9,3,15,0.2
speeches,1999,10,0,15,0.0
speeches,1999,11,1,15,0.0667
speeches,2000,0,0,6,0.0
speeches,2000,1,4,6,0.6667
speeches,2000,2,0,6,0.0
speeches,2000,3,1,6,0.1667
speeches,2000,4,0,6,0.0
speeches,2000,5,0,6,0.0
speeches,2000,6,0,6,0.0
speeches,2000,7,0,6,0.0
speeches,2000,8,1,6,0.1667
speeches,2000,9,0,6,0.0
speeches,2000,10,0,6,0.0
speeches,2000,11,0,6,0.0
speeches,2001,0,0,7,0.0
speeches,2001,1,1,7,0.1429
speeches,2001,2,0,7,0.0
speeches,2001,3,1,7,0.1429
speeches,2001,4,0,7,0.0
speeches,2001,5,0,7,0.0
speeches,2001,6,0,7,0.0
speeches,2001,7,0,7,0.0
speeches,2001,8,3,7,0.4286
speeches,2001,9,0,7,0.0
speeches,2001,10,2,7,0.2857
speeches,2001,11,0,7,0.0
speeches,2002,0,0,1,0.0
speeches,2002,1,0,1,0.0
speeches,2002,2,0,1,0.0
speeches,2002,3,1,1,1.0
speeches,2002,4,0,1,0.0
speeches,2002,5,0,1,0.0
speeches,2002,6,0,1,0.0
speeches,2002,7,0,1,0.0
speeches,2002,8,0,1,0.0
speeches,2002,9,0,1,0.0
speeches,2002,10,0,1,0.0
speeches,2002,11,0,1,0.0
speeches,2003,0,0,1,0.0
speeches,2003,1,0,1,0.0
speeches,2003,2,0,1,0.0
speeches,2003,3,0,1,0.0
speeches,2003,4,0,1,0.0
speeches,2003,5,0,1,0.0
speeches,2003,6,0,1,0.0
speeches,2003,7,0,1,0.0
speeches,2003,8,1,1,1.0
speeches,2003,9,0,1,0.0
speeches,2003,10,0,1,0.0
speeches,2003,11,0,1,0.0
speeches,2004,0,0,2,0.0
speeches,2004,1,0,2,0.0
speeches,2004,2,0,2,0.0
speeches,2004,3,0,2,0.0
speeches,2004,4,0,2,0.0
speeches,2004,5,0,2,0.0
speeches,2004,6,0,2,0.0
speeches,2004,7,0,2,0.0
speeches,2004,8,2,2,1.0
speeches,2004,9,0,2,0.0
speeches,2004,10,0,2,0.0
speeches,2004,11,0,2,0.0
speeches,2005,0,0,4,0.0
speeches,2005,1,1,4,0.25
speeches,2005,2,1,4,0.25
speeches,2005,3,0,4,0.0
speeches,2005,4,0,4,0.0
speeches,2005,5,0,4,0.0
speeches,2005,6,0,4,0.0
speeches,2005,7,0,4,0.0
speeches,2005,8,1,4,0.25
speeches,2005,9,0,4,0.0
speeches,2005,10,1,4,0.25
speeches,2005,11,0,4,0.0
speeches,2006,0,4,16,0.25
speeches,2006,1,0,16,0.0
speeches,2006,2,3,16,0.1875
speeches,2006,3,0,16,0.0
speeches,2006,4,1,16,0.0625
speeches,2006,5,0,16,0.0
speeches,2006,6,0,16,0.0
speeches,2006,7,1,16,0.0625
speeches,2006,8,3,16,0.1875
speeches,2006,9,4,16,0.25
speeches,2006,10,0,16,0.0
speeches,2006,11,0,16,0.0
speeches,2007,0,7,19,0.3684
speeches,2007,1,0,19,0.0
speeches,2007,2,5,19,0.2632
speeches,2007,3,0,19,0.0
speeches,2007,4,1,19,0.0526
speeches,2007,5,0,19,0.0
speeches,2007,6,0,19,0.0
speeches,2007,7,1,19,0.0526
speeches,2007,8,2,19,0.1053
speeches,2007,9,3,19,0.1579
speeches,2007,10,0,19,0.0
speeches,2007,11,0,19,0.0
speeches,2008,0,4,15,0.2667
speeches,2008,1,0,15,0.0
speeches,2008,2,4,15,0.2667
speeches,2008,3,0,15,0.0
speeches,2008,4,1,15,0.0667
speeches,2008,5,0,15,0.0
speeches,2008,6,0,15,0.0
speeches,2008,7,2,15,0.1333
speeches,2008,8,2,15,0.1333
speeches,2008,9,0,15,0.0
speeches,2008,10,2,15,0.1333
speeches,2008,11,0,15,0.0
speeches,2009,0,2,12,0.1667
speeches,2009,1,2,12,0.1667
speeches,2009,2,1,12,0.0833
speeches,2009,3,0,12,0.0
speeches,2009,4,2,12,0.1667
speeches,2009,5,0,12,0.0
speeches,2009,6,0,12,0.0
speeches,2009,7,0,12,0.0
speeches,2009,8,2,12,0.1667
speeches,2009,9,1,12,0.0833
speeches,2009,10,0,12,0.0
speeches,2009,11,2,12,0.1667
speeches,2010,0,2,18,0.1111
speeches,2010,1,2,18,0.1111
speeches,2010,2,4,18,0.2222
speeches,2010,3,0,18,0.0
speeches,2010,4,3,18,0.1667
speeches,2010,5,0,18,0.0
speeches,2010,6,1,18,0.0556
speeches,2010,7,0,18,0.0
speeches,2010,8,1,18,0.0556
speeches,2010,9,1,18,0.0556
speeches,2010,10,0,18,0.0
speeches,2010,11,4,18,0.2222
speeches,2011,0,1,20,0.05
speeches,2011,1,1,20,0.05
speeches,2011,2,5,20,0.25
speeches,2011,3,0,20,0.0
speeches,2011,4,2,20,0.1
speeches,2011,5,0,20,0.0
speeches,2011,6,2,20,0.1
speeches,2011,7,2,20,0.1
speeches,2011,8,4,20,0.2
speeches,2011,9,2,20,0.1
speeches,2011,10,0,20,0.0
speeches,2011,11,1,20,0.05
speeches,2012,0,1,30,0.0333
speeches,2012,1,2,30,0.0667
speeches,2012,2,2,30,0.0667
speeches,2012,3,0,30,0.0
speeches,2012,4,10,30,0.3333
speeches,2012,5,0,30,0.0
speeches,2012,6,1,30,0.0333
speeches,2012,7,0,30,0.0
speeches,2012,8,4,30,0.1333
speeches,2012,9,5,30,0.1667
speeches,2012,10,0,30,0.0
speeches,2012,11,5,30,0.1667
speeches,2013,0,3,26,0.1154
speeches,2013,1,0,26,0.0
speeches,2013,2,4,26,0.1538
speeches,2013,3,0,26,0.0
speeches,2013,4,15,26,0.5769
speeches,2013,5,0,26,0.0
speeches,2013,6,1,26,0.0385
speeches,2013,7,0,26,0.0
speeches,2013,8,0,26,0.0
speeches,2013,9,2,26,0.0769
speeches,2013,10,0,26,0.0
speeches,2013,11,1,26,0.0385
speeches,2014,0,2,24,0.0833
speeches,2014,1,0,24,0.0
speeches,2014,2,9,24,0.375
speeches,2014,3,0,24,0.0
speeches,2014,4,1,24,0.0417
speeches,2014,5,0,24,0.0
speeches,2014,6,2,24,0.0833
speeches,2014,7,0,24,0.0
speeches,2014,8,0,24,0.0
speeches,2014,9,4,24,0.1667
speeches,2014,10,0,24,0.0
speeches,2014,11,6,24,0.25
speeches,2015,0,3,28,0.1071
speeches,2015,1,0,28,0.0
speeches,2015,2,12,28,0.4286
speeches,2015,3,0,28,0.0
speeches,2015,4,3,28,0.1071
speeches,2015,5,0,28,0.0
speeches,2015,6,2,28,0.0714
speeches,2015,7,1,28,0.0357
speeches,2015,8,2,28,0.0714
speeches,2015,9,0,28,0.0
speeches,2015,10,1,28,0.0357
speeches,2015,11,4,28,0.1429
speeches,2016,0,2,25,0.08
speeches,2016,1,2,25,0.08
speeches,2016,2,12,25,0.48
speeches,2016,3,0,25,0.0
speeches,2016,4,1,25,0.04
speeches,2016,5,0,25,0.0
speeches,2016,6,2,25,0.08
speeches,2016,7,0,25,0.0
speeches,2016,8,0,25,0.0
speeches,2016,9,0,25,0.0
speeches,2016,10,0,25,0.0
speeches,2016,11,6,25,0.24
speeches,2017,0,1,29,0.0345
speeches,2017,1,1,29,0.0345
speeches,2017,2,7,29,0.2414
speeches,2017,3,0,29,0.0
speeches,2017,4,2,29,0.069
speeches,2017,5,0,29,0.0
speeches,2017,6,4,29,0.1379
speeches,2017,7,0,29,0.0
speeches,2017,8,0,29,0.0
speeches,2017,9,3,29,0.1034
speeches,2017,10,0,29,0.0
speeches,2017,11,11,29,0.3793
speeches,2018,0,4,25,0.16
speeches,2018,1,0,25,0.0
speeches,2018,2,4,25,0.16
speeches,2018,3,0,25,0.0
speeches,2018,4,4,25,0.16
speeches,2018,5,0,25,0.0
speeches,2018,6,2,25,0.08
speeches,2018,7,0,25,0.0
speeches,2018,8,0,25,0.0
speeches,2018,9,4,25,0.16
speeches,2018,10,0,25,0.0
speeches,2018,11,7,25,0.28
speeches,2019,0,1,15,0.0667
speeches,2019,1,1,15,0.0667
speeches,2019,2,4,15,0.2667
speeches,2019,3,0,15,0.0
speeches,2019,4,4,15,0.2667
speeches,2019,5,0,15,0.0
speeches,2019,6,2,15,0.1333
speeches,2019,7,0,15,0.0
speeches,2019,8,0,15,0.0
speeches,2019,9,1,15,0.0667
speeches,2019,10,0,15,0.0
speeches,2019,11,2,15,0.1333
speeches,2020,0,0,10,0.0
speeches,2020,1,0,10,0.0
speeches,2020,2,4,10,0.4
speeches,2020,3,0,10,0.0
speeches,2020,4,1,10,0.1
speeches,2020,5,0,10,0.0
speeches,2020,6,3,10,0.3
speeches,2020,7,0,10,0.0
speeches,2020,8,0,10,0.0
speeches,2020,9,0,10,0.0
speeches,2020,10,0,10,0.0
speeches,2020,11,2,10,0.2
speeches,2021,0,0,4,0.0
speeches,2021,1,1,4,0.25
speeches,2021,2,1,4,0.25
speeches,2021,3,0,4,0.0
speeches,2021,4,0,4,0.0
speeches,2021,5,0,4,0.0
speeches,2021,6,1,4,0.25
speeches,2021,7,0,4,0.0
speeches,2021,8,0,4,0.0
speeches,2021,9,1,4,0.25
speeches,2021,10,0,4,0.0
speeches,2021,11,0,4,0.0
speeches,2022,0,0,10,0.0
speeches,2022,1,0,10,0.0
speeches,2022,2,2,10,0.2
speeches,2022,3,0,10,0.0
speeches,2022,4,0,10,0.0
speeches,2022,5,0,10,0.0
speeches,2022,6,4,10,0.4
speeches,2022,7,0,10,0.0
speeches,2022,8,0,10,0.0
speeches,2022,9,2,10,0.2
speeches,2022,10,0,10,0.0
speeches,2022,11,2,10,0.2
speeches,2023,0,2,18,0.1111
speeches,2023,1,0,18,0.0
speeches,2023,2,6,18,0.3333
speeches,2023,3,0,18,0.0
speeches,2023,4,3,18,0.1667
speeches,2023,5,0,18,0.0
speeches,2023,6,3,18,0.1667
speeches,2023,7,0,18,0.0
speeches,2023,8,0,18,0.0
speeches,2023,9,3,18,0.1667
speeches,2023,10,0,18,0.0
speeches,2023,11,1,18,0.0556
speeches,2024,0,1,14,0.0714
speeches,2024,1,0,14,0.0
speeches,2024,2,0,14,0.0
speeches,2024,3,0,14,0.0
speeches,2024,4,0,14,0.0
speeches,2024,5,0,14,0.0
speeches,2024,6,2,14,0.1429
speeches,2024,7,0,14,0.0
speeches,2024,8,0,14,0.0
speeches,2024,9,6,14,0.4286
speeches,2024,10,0,14,0.0
speeches,2024,11,5,14,0.3571
speeches,2025,0,1,16,0.0625
speeches,2025,1,0,16,0.0
speeches,2025,2,0,16,0.0
speeches,2025,3,0,16,0.0
speeches,2025,4,0,16,0.0
speeches,2025,5,0,16,0.0
speeches,2025,6,2,16,0.125
speeches,2025,7,0,16,0.0
speeches,2025,8,0,16,0.0
speeches,2025,9,7,16,0.4375
speeches,2025,10,0,16,0.0
speeches,2025,11,6,16,0.375
speeches,2026,0,0,10,0.0
speeches,2026,1,0,10,0.0
speeches,2026,2,0,10,0.0
speeches,2026,3,0,10,0.0
speeches,2026,4,1,10,0.1
speeches,2026,5,0,10,0.0
speeches,2026,6,4,10,0.4
speeches,2026,7,0,10,0.0
speeches,2026,8,0,10,0.0
speeches,2026,9,3,10,0.3
speeches,2026,10,0,10,0.0
speeches,2026,11,2,10,0.2
