meeting_date,title,policy_rate_pct,rate_action,policy_rate_final,rate_action_final,rate_source_final,in_scope_inflation_targeting,lexicon_score,lexicon_hawkish_weighted_count,lexicon_dovish_weighted_count,lexicon_word_count,lexicon_hawkish_hits,lexicon_dovish_hits
1999-10-13,1999-10-13: Statement released by the SA Reserve Bank after the deliberations at the First meeting of the Bank's Monetary Policy Committee,,cut,,,out_of_scope_pre_inflation_targeting,False,0.0,0.0,0.0,3651,{},{}
1999-10-13,"1999-10-13: Opening statement by Mr Tito Mboweni, Governor of the South African Reserve Bank, at the inaugural meeting of the Monetary Policy Committee (MPC)",,,,,out_of_scope_pre_inflation_targeting,False,0.0,0.0,0.0,2316,{},{}
1999-11-24,"1999-11-24: Statement of the Monetary Policy Committee : detailed assessment of international economic conditions, domestic economic developments and the monetary policy stance",,,,,out_of_scope_pre_inflation_targeting,False,0.841,2.0,0.0,3924,"{""inflationary pressures"": 2}",{}
1999-11-24,"1999-11-24: Opening statement by Mr Tito Mboweni, Governor of the South African Reserve Bank, at the second meeting of the Monetary Policy Committee (MPC), Pretoria",,,,,out_of_scope_pre_inflation_targeting,False,0.0,0.0,0.0,1597,{},{}
2000-01-13,2000-01-13: Statement of the Monetary Policy Committee : detailed assessment of changes in general economic conditions,,,,,out_of_scope_pre_inflation_targeting,False,2.174,6.0,0.0,4294,"{""tighten monetary policy"": 2, ""inflationary pressures"": 2}",{}
2000-02-22,2000-02-22: Postponement of the Monetary Policy Committee Meeting,,,,,no_data,True,0.0,0.0,0.0,282,{},{}
2000-03-02,2000-03-02: Statement of the Monetary Policy Committee : main conclusions,,,,,no_data,True,3.287,10.0,0.0,4228,"{""second-round effects"": 2, ""inflationary pressures"": 8}",{}
2000-03-20,2000-03-20: Statement issued by the South African Reserve Bank after the first Monetary Policy Forum,,,,,no_data,True,0.0,0.0,0.0,1187,{},{}
2000-04-06,2000-04-06: Statement of the Monetary Policy Committee : discussed in some detail recent international and domestic economic developments and the current monetary policy stance,,hold,,hold,regex_fallback_no_series_coverage,True,2.396,12.0,2.0,6386,"{""inflationary pressures"": 12}","{""unchanged"": 2}"
2000-05-19,2000-05-19: Statement of the Monetary Policy Committee : made a detailed assessment of recent economic and financial market developments,,,,,no_data,True,0.0,4.0,4.0,4251,"{""upside risk"": 2, ""inflationary pressures"": 2}","{""unchanged"": 4}"
2000-06-15,2000-06-15: Statement of the Monetary Policy Committee : analysed recent international and domestic economic developments and reviewed the monetary policy stance,,,,,no_data,True,0.786,2.0,0.0,4203,"{""inflationary pressures"": 2}",{}
2000-08-11,2000-08-11: Statement of the Monetary Policy Committee : reviewed economic conditions and the monetary policy stance,,,,,no_data,True,1.648,8.0,4.0,3894,"{""inflationary pressures"": 8}","{""unchanged"": 4}"
2000-09-21,2000-09-21: Statement of the Monetary Policy Committee : reviewed international and domestic economic conditions and the monetary policy stance,,,,,no_data,True,1.574,4.0,0.0,4091,"{""second-round effects"": 2, ""inflationary pressure"": 2}",{}
2000-10-16,2000-10-16: Statement of the Monetary Policy Committee : to review the effect of recent developments on the outlook for inflation in South Africa,,hike,,hike,regex_fallback_no_series_coverage,True,0.0,0.0,0.0,629,{},{}
2000-11-16,2000-11-16: Statement of the Monetary Policy Committee : reviewed current and likely future economic developments to arrive at a decision regarding the monetary policy stance,,,,,no_data,True,0.0,4.0,4.0,4107,"{""second-round effects"": 4}","{""unchanged"": 4}"
2001-01-19,2001-01-19: Statement of the Monetary Policy Committee : reviewed current and likely future economic developments in order to evaluate the monetary policy stance.,,,,,no_data,True,-0.718,4.0,6.0,4611,"{""robust growth"": 2, ""inflationary pressures"": 2}","{""unchanged"": 4, ""below target"": 2}"
2001-03-16,2001-03-16: Statement of the Monetary Policy Committee : reviewed current and likely future economic developments to evaluate the monetary policy stance,,,,,no_data,True,-1.531,2.0,6.0,4215,"{""inflationary pressures"": 2}","{""unchanged"": 6}"
2001-04-25,2001-04-25: Statement of the Monetary Policy Committee evaluated the monetary policy stance,,,,,no_data,True,-0.844,2.0,4.0,3910,"{""inflationary pressures"": 2}","{""lower interest rates"": 2}"
2001-06-14,2001-06-14: Statement of the Monetary Policy Committee : analysed international and domestic economic developments in order to evaluate the monetary policy stance,,,,,no_data,True,0.703,4.0,2.0,4708,"{""above the target range"": 2, ""second-round effects"": 2}","{""economic slowdown"": 2}"
2001-07-26,2001-07-26: Statement of the Monetary Policy Committee : made a detailed analysis of recent economic developments to decide on the most appropriate monetary policy stance,,cut,,cut,regex_fallback_no_series_coverage,True,0.0,2.0,2.0,4343,"{""inflationary pressures"": 2}","{""unchanged"": 2}"
2001-09-20,2001-09-20: Statement of the Monetary Policy Committee : evaluated the monetary policy stance,9.5,cut,9.5,cut,regex_fallback_no_series_coverage,True,-0.738,0.0,2.0,4481,{},"{""economic slowdown"": 2}"
2001-11-15,2001-11-15: Statement of the Monetary Policy Committee : assessed recent international and domestic economic developments to decide on the appropriate monetary policy stance.,,,,,no_data,True,-1.906,2.0,8.0,4981,"{""inflationary pressures"": 2}","{""unchanged"": 2, ""subdued inflation"": 2, ""economic slowdown"": 2}"
2002-01-15,2002-01-15: Statement of the Monetary Policy Committee: to discuss the appropriate monetary policy stance in view of the effects of recent economic developments on the outlook for inflation,,,10.5,hike,official_series,True,0.0,0.0,0.0,434,{},{}
2002-03-14,2002-03-14: Statement of the Monetary Policy Committee,,,11.5,hike,official_series,True,1.419,2.0,0.0,2285,"{""inflationary pressures"": 2}",{}
2002-06-13,2002-06-13: Statement of the Monetary Policy Committee,,hike,12.5,hike,official_series,True,2.12,6.0,2.0,2947,"{""increase the repurchase rate"": 2, ""inflationary pressures"": 2}","{""unchanged"": 2}"
2002-09-12,2002-09-12: Statement of the Monetary Policy Committee,,hike,13.5,hike,official_series,True,4.382,12.0,0.0,2941,"{""increase the repurchase rate"": 2, ""inflationary pressures"": 8}",{}
2002-11-28,2002-11-28: Statement of the Monetary Policy Committee,9.5,hold,13.5,hold,official_series,True,0.0,2.0,2.0,2345,"{""inflationary pressures"": 2}","{""unchanged"": 2}"
2003-03-20,2003-03-20: Statement of the Monetary Policy Committee,13.5,hold,13.5,hold,official_series,True,0.583,4.0,2.0,5689,"{""increase the repurchase rate"": 2}","{""unchanged"": 2}"
2003-06-12,2003-06-12: Statement of the Monetary Policy Committee,,,12.0,cut,official_series,True,-0.904,2.0,4.0,3645,"{""vigilant"": 2}","{""disinflation"": 4}"
2003-08-14,2003-08-14: Statement of the Monetary Policy Committee,,,11.0,cut,official_series,True,1.009,2.0,0.0,3259,"{""vigilant"": 2}",{}
2003-09-10,2003-09-10: Statement of the Monetary Policy Committee,,,10.0,cut,official_series,True,-1.514,0.0,2.0,2133,{},"{""unchanged"": 2}"
2003-10-16,2003-10-16: Statement of the Monetary Policy Committee,,,8.5,cut,official_series,True,0.937,2.0,0.0,3517,"{""inflationary pressures"": 2}",{}
2003-12-11,2003-12-11: Statement of the Monetary Policy Committee,,,8.0,cut,official_series,True,-2.434,0.0,6.0,3761,{},"{""lower interest rates"": 2, ""spare capacity"": 2}"
2004-02-26,2004-02-26: Statement of the Monetary Policy Committee,,,8.0,hold,official_series,True,-2.403,0.0,6.0,3819,{},"{""lower interest rates"": 2, ""unchanged"": 2}"
2004-04-22,2004-04-22: Statement of the Monetary Policy Committee,,,8.0,hold,official_series,True,0.923,6.0,4.0,3569,"{""second-round effects"": 2, ""inflationary pressure"": 2, ""inflationary pressures"": 2}","{""unchanged"": 2, ""spare capacity"": 2}"
2004-06-10,2004-06-10: Statement of the Monetary Policy Committee,,,8.0,hold,official_series,True,0.0,2.0,2.0,3205,"{""inflationary pressures"": 2}","{""unchanged"": 2}"
2004-08-12,2004-08-12: Statement of the Monetary Policy Committee,,,7.5,cut,official_series,True,-1.509,2.0,6.0,4279,"{""robust growth"": 2}","{""unchanged"": 2, ""inflation expectations have declined"": 2}"
2004-10-14,2004-10-14: Statement of the Monetary Policy Committee,,,7.5,hold,official_series,True,-0.969,0.0,2.0,3395,{},"{""unchanged"": 2}"
2004-12-09,2004-12-09: Statement of the Monetary Policy Committee,,,7.5,hold,official_series,True,0.0,6.0,6.0,4179,"{""vigilant"": 2, ""robust growth"": 2, ""inflationary pressures"": 2}","{""unchanged"": 4, ""disinflation"": 2}"
2005-02-10,2005-02-10: Statement of the Monetary Policy Committee,,,7.5,hold,official_series,True,-1.673,2.0,6.0,3831,"{""inflationary pressures"": 2}","{""lower interest rates"": 2, ""unchanged"": 2}"
2005-04-14,2005-04-14: Statement of the Monetary Policy Committee,,,7.0,cut,official_series,True,1.563,4.0,0.0,4123,"{""above the target range"": 2, ""inflationary pressures"": 2}",{}
2005-06-09,2005-06-09: Statement of the Monetary Policy Committee,,,7.0,hold,official_series,True,-2.435,0.0,6.0,3759,{},"{""lower interest rates"": 2, ""unchanged"": 2}"
2005-08-11,2005-08-11: Statement of the Monetary Policy Committee,,,7.0,hold,official_series,True,-1.632,2.0,6.0,3935,"{""robust growth"": 2}","{""unchanged"": 6}"
2005-10-13,2005-10-13: Statement of the Monetary Policy Committee,13.5,hold,7.0,hold,official_series,True,1.791,8.0,4.0,3557,"{""vigilant"": 2, ""upside risk"": 2, ""second-round effects"": 4}","{""unchanged"": 4}"
2005-12-08,2005-12-08: Statement of the Monetary Policy Committee,,,7.0,hold,official_series,True,-0.921,4.0,6.0,3579,"{""vigilant"": 2, ""second-round effects"": 2}","{""unchanged"": 6}"
2006-02-02,2006-02-02: Statement of the Monetary Policy Committee,,,7.0,hold,official_series,True,-0.954,0.0,2.0,3451,{},"{""unchanged"": 2}"
2006-04-13,2006-04-13: Statement of the Monetary Policy Committee,,,7.0,hold,official_series,True,-1.704,0.0,4.0,3757,{},"{""unchanged"": 4}"
2006-06-08,2006-06-08: Statement of the Monetary Policy Committee,,,7.5,hold,official_series,True,-0.86,0.0,2.0,3839,{},"{""unchanged"": 2}"
2006-08-03,2006-08-03: Statement of the Monetary Policy Committee,,,8.0,hold,official_series,True,3.083,8.0,0.0,3707,"{""further tightening"": 2, ""vigilant"": 2, ""inflationary pressures"": 2}",{}
2006-10-12,2006-10-12: Statement of the Monetary Policy Committee,,,8.5,hike,official_series,True,0.805,2.0,0.0,4103,"{""vigilant"": 2}",{}
2006-12-07,2006-12-07: Statement of the Monetary Policy Committee,,,9.0,hike,official_series,True,0.82,2.0,0.0,4027,"{""upside risk"": 2}",{}
2007-02-15,2007-02-15: Statement of the Monetary Policy Committee,,,9.0,hold,official_series,True,-2.264,0.0,6.0,4097,{},"{""unchanged"": 6}"
2007-04-12,2007-04-12: Statement of the Monetary Policy Committee,,,9.0,hold,official_series,True,-0.829,0.0,2.0,3985,{},"{""unchanged"": 2}"
2007-06-07,2007-06-07: Statement of the Monetary Policy Committee,,,9.5,hike,official_series,True,0.0,2.0,2.0,4275,"{""upside risk"": 2}","{""unchanged"": 2}"
2007-08-16,2007-08-16: Statement of the Monetary Policy Committee,,,10.0,hike,official_series,True,-1.598,0.0,4.0,4025,{},"{""unchanged"": 4}"
2007-10-11,2007-10-11: Statement of the Monetary Policy Committee,10.5,,10.5,hike,official_series,True,0.877,2.0,0.0,3763,"{""robust growth"": 2}",{}
2007-12-06,2007-12-06: Statement of the Monetary Policy Committee,11.0,,11.0,hike,official_series,True,-0.998,4.0,6.0,3295,"{""upside risk"": 4}","{""unchanged"": 6}"
2008-01-31,2008-01-31: Statement of the Monetary Policy Committee,,,11.0,hold,official_series,True,-3.042,2.0,8.0,2831,"{""upside risk"": 2}","{""unchanged"": 8}"
2008-04-10,2008-04-10: Statement of the Monetary Policy Committee,,,11.5,hike,official_series,True,0.94,6.0,4.0,3505,"{""less accommodative"": 2, ""upside risk"": 4}","{""accommodative monetary policy"": 2}"
2008-06-12,2008-06-12: Statement of the Monetary Policy Committee,,hike,12.0,hike,official_series,True,0.893,12.0,10.0,3691,"{""further tightening"": 2, ""less accommodative"": 4, ""upside risk"": 2, ""inflationary pressures"": 2}","{""accommodative monetary policy"": 4, ""unchanged"": 2}"
2008-08-14,2008-08-14: Statement of the Monetary Policy Committee,11.0,hold,12.0,hold,official_series,True,-3.235,2.0,10.0,3463,"{""less accommodative"": 2}","{""accommodative monetary policy"": 2, ""unchanged"": 6}"
2008-10-09,2008-10-09: Statement of the Monetary Policy Committee,,,12.0,hold,official_series,True,-3.604,4.0,14.0,3665,"{""less accommodative"": 2, ""upside risk"": 2}","{""accommodative monetary policy"": 4, ""unchanged"": 4, ""well anchored"": 2}"
2008-12-11,2008-12-11: Statement of the Monetary Policy Committee,11.5,cut,11.5,cut,official_series,True,-1.751,2.0,6.0,3647,"{""upside risk"": 2}","{""reduce the repurchase rate"": 2, ""unchanged"": 2}"
2009-02-05,2009-02-05: Statement of the Monetary Policy Committee,10.5,cut,10.5,cut,official_series,True,-2.182,2.0,6.0,2851,"{""upside risk"": 2}","{""reduce the repurchase rate"": 2, ""unchanged"": 2}"
2009-03-24,2009-03-24: Statement of the Monetary Policy Committee,9.5,cut,9.5,cut,official_series,True,-3.75,0.0,8.0,2741,{},"{""reduce the repurchase rate"": 2, ""unchanged"": 2, ""economic slowdown"": 2}"
2009-04-30,2009-04-30: Statement of the Monetary Policy Committee,8.5,cut,8.5,cut,official_series,True,-2.846,2.0,8.0,3095,"{""upside risk"": 2}","{""reduce the repurchase rate"": 2, ""unchanged"": 4}"
2009-05-28,2009-05-28: Statement of the Monetary Policy Committee,7.5,cut,7.5,cut,official_series,True,-3.261,2.0,8.0,2567,"{""upside risk"": 2}","{""reduce the repurchase rate"": 2, ""unchanged"": 2, ""downside risk"": 2}"
2009-06-25,2009-06-25: Statement of the Monetary Policy Committee,7.5,hold,7.5,hold,official_series,True,-2.136,4.0,8.0,2921,"{""upside risk"": 4}","{""unchanged"": 4, ""downside risk"": 4}"
2009-08-13,2009-08-13: Statement of the Monetary Policy Committee,7.0,cut,7.0,cut,official_series,True,-2.154,2.0,6.0,2893,"{""upside risk"": 2}","{""reduce the repurchase rate"": 2, ""unchanged"": 2}"
2009-09-22,2009-09-22: Statement of the Monetary Policy Committee,7.0,hold,7.0,hold,official_series,True,-3.022,0.0,6.0,2857,{},"{""unchanged"": 4, ""subdued demand"": 2}"
2009-10-22,2009-10-22: Statement of the Monetary Policy Committee,7.0,hold,7.0,hold,official_series,True,0.0,2.0,2.0,3051,"{""upside risk"": 2}","{""unchanged"": 2}"
2009-11-17,2009-11-17: Statement of the Monetary Policy Committee,7.0,hold,7.0,hold,official_series,True,-0.915,2.0,4.0,3601,"{""upside risk"": 2}","{""unchanged"": 4}"
2010-01-26,2010-01-26: Statement of the Monetary Policy Committee,7.0,hold,7.0,hold,official_series,True,1.623,10.0,6.0,3959,"{""upside risk"": 6, ""above the target range"": 2, ""second-round effects"": 2}","{""unchanged"": 6}"
2010-03-25,2010-03-25: Statement of the Monetary Policy Committee,6.5,cut,6.5,cut,official_series,True,-1.551,6.0,10.0,4157,"{""upside risk"": 6}","{""reduce the repurchase rate"": 2, ""unchanged"": 6}"
2010-05-13,2010-05-13: Statement of the Monetary Policy Committee,6.5,hold,6.5,hold,official_series,True,0.0,6.0,6.0,3757,"{""upside risk"": 6}","{""unchanged"": 4, ""downside risk"": 2}"
2010-07-22,2010-07-22: Statement of the Monetary Policy Committee,6.5,hold,6.5,hold,official_series,True,-3.277,2.0,12.0,4247,"{""inflationary pressures"": 2}","{""lower interest rates"": 2, ""unchanged"": 6, ""downside risk"": 2}"
2010-09-09,2010-09-09: Statement of the Monetary Policy Committee,6.0,cut,6.0,cut,official_series,True,-3.66,4.0,16.0,4287,"{""upside risk"": 2, ""inflationary pressures"": 2}","{""reduce the repurchase rate"": 2, ""lower interest rates"": 2, ""unchanged"": 4, ""downside risk"": 4}"
2010-11-18,2010-11-18: Statement of the Monetary Policy Committee,5.5,cut,5.5,cut,official_series,True,-3.406,4.0,16.0,4811,"{""upside risk"": 2, ""inflationary pressures"": 2}","{""reduce the repurchase rate"": 2, ""lower interest rates"": 2, ""unchanged"": 6, ""downside risk"": 2}"
2011-01-20,2011-01-20: Statement of the Monetary Policy Committee,5.5,hold,5.5,hold,official_series,True,-4.001,2.0,18.0,4853,"{""robust growth"": 2}","{""lower interest rates"": 4, ""unchanged"": 10}"
2011-03-24,2011-03-24: Statement of the Monetary Policy Committee,5.5,hold,5.5,hold,official_series,True,-2.03,4.0,10.0,4643,"{""upside risk"": 2, ""inflationary pressures"": 2}","{""unchanged"": 10}"
2011-05-12,2011-05-12: Statement of the Monetary Policy Committee,5.5,hold,5.5,hold,official_series,True,-0.784,8.0,10.0,4219,"{""vigilant"": 2, ""overheating"": 2, ""inflationary pressures"": 2}","{""accommodative stance"": 2, ""unchanged"": 6}"
2011-07-21,2011-07-21: Statement of the Monetary Policy Committee,5.5,hold,5.5,hold,official_series,True,-1.868,6.0,12.0,5095,"{""vigilant"": 2, ""upside risk"": 2, ""robust growth"": 2}","{""unchanged"": 10, ""well anchored"": 2}"
2011-09-22,2011-09-22: Statement of the Monetary Policy Committee,5.5,hold,5.5,hold,official_series,True,-1.262,6.0,10.0,5167,"{""upside risk"": 6}","{""unchanged"": 8, ""well anchored"": 2}"
2011-11-10,2011-11-10: Statement of the Monetary Policy Committee,5.5,hold,5.5,hold,official_series,True,-1.375,8.0,12.0,4725,"{""upside risk"": 6, ""inflationary pressures"": 2}","{""unchanged"": 6, ""weak growth"": 6}"
2012-01-19,2012-01-19: Statement of the Monetary Policy Committee,5.5,hold,5.5,hold,official_series,True,-3.642,2.0,16.0,5043,"{""upside risk"": 2}","{""unchanged"": 14, ""downside risk"": 2}"
2012-03-29,2012-03-29: Statement of the Monetary Policy Committee,5.5,hold,5.5,hold,official_series,True,-2.203,2.0,10.0,5637,"{""upside risk"": 2}","{""unchanged"": 10}"
2012-05-24,2012-05-24: Statement of the Monetary Policy Committee,5.5,hold,5.5,hold,official_series,True,-4.192,2.0,20.0,4935,"{""upside risk"": 2}","{""accommodative monetary policy"": 2, ""unchanged"": 4, ""downside risk"": 8, ""downside risks to growth"": 2}"
2012-07-19,Statement of the Monetary Policy Committee,5.0,cut,5.0,cut,official_series,True,-2.77,2.0,12.0,5340,"{""upside risk"": 2}","{""reduce the repurchase rate"": 2, ""unchanged"": 8}"
2012-09-20,STATEMENT OF THE MONETARY POLICY COMMITTEE,5.0,hold,5.0,hold,official_series,True,-2.483,0.0,10.0,6118,{},"{""accommodative stance"": 2, ""unchanged"": 4, ""downside risk"": 2}"
2012-11-22,Statement of the Monetary Policy Committee,5.0,hold,5.0,hold,official_series,True,-2.01,8.0,16.0,6260,"{""upside risk"": 4, ""upside risks to inflation"": 2}","{""accommodative stance"": 2, ""unchanged"": 10, ""downside risk"": 2}"
2013-01-24,Statement of the Monetary Policy Committee,5.0,hold,5.0,hold,official_series,True,-3.893,4.0,22.0,5758,"{""upside risk"": 4}","{""unchanged"": 14, ""assessed to be on the downside"": 4}"
2013-03-20,Statement of the Monetary Policy Committee,5.0,hold,5.0,hold,official_series,True,-1.097,4.0,6.0,2990,"{""upside risk"": 4}","{""unchanged"": 4, ""assessed to be on the downside"": 1}"
2013-05-23,Statement of the Monetary Policy Committee,5.0,hold,5.0,hold,official_series,True,-2.199,10.0,18.0,5650,"{""upside risk"": 6, ""upside risks to inflation"": 2}","{""unchanged"": 8, ""downside risk"": 4, ""downside risks to growth"": 2, ""weak growth"": 2}"
2013-07-18,Statement of the Monetary Policy Committee,5.0,hold,5.0,hold,official_series,True,-1.556,6.0,9.0,3106,"{""tightening bias"": 1, ""upside risk"": 1, ""upside risks to inflation"": 1, ""wage pressure"": 1}","{""unchanged"": 5, ""downside risk"": 1, ""subdued demand"": 1, ""assessed to be on the downside"": 1}"
2013-09-19,Statement of the Monetary Policy Committee,5.0,hold,5.0,hold,official_series,True,-3.137,1.0,8.0,3166,"{""upside risk"": 1}","{""unchanged"": 7, ""downside risk"": 1}"
2013-11-21,Statement of the Monetary Policy Committee,5.0,hold,5.0,hold,official_series,True,-2.541,3.0,8.0,2974,"{""upside risk"": 1, ""upside risks to inflation"": 1}","{""unchanged"": 7, ""weak growth"": 1}"
2014-01-29,Statement of the Monetary Policy Committee ,5.5,hike,5.5,hike,official_series,True,-0.524,4.0,5.0,3172,"{""increase the repurchase rate"": 1, ""upside risk"": 1, ""inflationary pressures"": 1}","{""unchanged"": 3, ""downside risk"": 1, ""well anchored"": 1}"
2014-03-27,Statement of the Monetary Policy Committee,5.5,hold,5.5,hold,official_series,True,-3.613,3.0,12.0,3286,"{""upside risk"": 1, ""aggressive tightening"": 1}","{""unchanged"": 7, ""downside risk"": 1, ""downside risks to growth"": 1, ""assessed to be on the downside"": 1}"
2014-05-22,Statement of the Monetary Policy Committee,5.5,hold,5.5,hold,official_series,True,-3.532,3.0,11.0,3030,"{""upside risk"": 1, ""upside risks to inflation"": 1}","{""unchanged"": 8, ""downside risk"": 1, ""downside risks to growth"": 1}"
2014-07-17,Statement of the Monetary Policy Committee,5.75,hike,5.75,hike,official_series,True,-0.48,7.0,8.0,3463,"{""raise interest rates"": 1, ""upside risk"": 4, ""second-round effects"": 1}","{""unchanged"": 6, ""weak growth"": 2}"
2014-09-18,Statement of the Monetary Policy Committee,5.75,hold,5.75,hold,official_series,True,-3.569,2.0,11.0,3352,"{""upside risk"": 1, ""inflationary pressures"": 1}","{""unchanged"": 6, ""downside risk"": 1, ""weak growth"": 2, ""assessed to be on the downside"": 1}"
2014-11-20,Statement of the Monetary Policy Committee,5.75,hold,5.75,hold,official_series,True,-1.572,3.0,6.0,3072,"{""vigilant"": 1, ""upside risk"": 2}","{""unchanged"": 5, ""downside risk"": 1}"
2015-01-29,Statement of the Monetary Policy Committee,5.75,hold,5.75,hold,official_series,True,-1.057,2.0,4.0,3105,"{""upside risk"": 2}","{""pause"": 1, ""unchanged"": 2, ""weak growth"": 1}"
2015-03-26,Statement of the Monetary Policy Committee,5.75,hold,5.75,hold,official_series,True,-1.649,5.0,8.0,2918,"{""tighten monetary policy"": 1, ""vigilant"": 1, ""upside risk"": 2}","{""pause"": 1, ""unchanged"": 7}"
2015-05-21,Statement of the Monetary Policy Committee,5.75,hold,5.75,hold,official_series,True,-2.18,7.0,11.0,2853,"{""upside risk"": 4, ""upside risks to inflation"": 1, ""second-round effects"": 1}","{""unchanged"": 6, ""weak growth"": 1, ""assessed to be on the downside"": 1, ""disinflation"": 2}"
2015-07-23,Statement of the Monetary Policy Committee,,hike,6.0,hike,official_series,True,0.0,6.0,6.0,2890,"{""hiking cycle"": 1, ""upside risk"": 2, ""above the target range"": 1, ""second-round effects"": 1}","{""unchanged"": 6}"
2015-09-23,Statement of the Monetary Policy Committee,5.75,hold,6.0,hold,official_series,True,0.0,6.0,6.0,2660,"{""upside risk"": 1, ""upside risks to inflation"": 1, ""second-round effects"": 1, ""assessed to be on the upside"": 1}","{""unchanged"": 6}"
2015-11-19,Statement of the Monetary Policy Committee,6.25,hike,6.25,hike,official_series,True,1.863,10.0,7.0,2555,"{""increase the repurchase rate"": 1, ""upside risk"": 2, ""upside risks to inflation"": 1, ""second-round effects"": 3, ""inflationary pressures"": 1}","{""unchanged"": 6, ""weak growth"": 1}"
2016-01-28,Statement of the Monetary Policy Committee,6.75,hike,6.75,hike,official_series,True,1.784,5.0,2.0,2679,"{""upside risk"": 2, ""second-round effects"": 2, ""inflationary pressures"": 1}","{""unchanged"": 2}"
2016-03-17,Statement of the Monetary Policy Committee,7.0,hike,7.0,hike,official_series,True,-1.851,5.0,8.0,2573,"{""further tightening"": 1, ""upside risk"": 2, ""second-round effects"": 1}","{""unchanged"": 5, ""weak growth"": 2, ""below target"": 1}"
2016-05-19,Statement of the Monetary Policy Committee,7.0,hold,7.0,hold,official_series,True,-1.832,7.0,10.0,2603,"{""tightening bias"": 1, ""upside risk"": 3, ""assessed to be on the upside"": 1}","{""pause"": 1, ""unchanged"": 8, ""economic slowdown"": 1}"
2016-07-21,Statement of the Monetary Policy Committee,7.0,hold,7.0,hold,official_series,True,-3.27,4.0,10.0,2557,"{""further tightening"": 1, ""upside risk"": 2}","{""accommodative monetary policy"": 1, ""on hold"": 2, ""unchanged"": 4, ""downside risk"": 1, ""below target"": 1}"
2016-09-22,Statement of the Monetary Policy Committee,7.0,hold,7.0,hold,official_series,True,-4.728,1.0,15.0,2610,"{""upside risk"": 1}","{""unchanged"": 15}"
2016-11-24,Statement of the Monetary Policy Committee,7.0,hold,7.0,hold,official_series,True,-3.972,2.0,10.0,2462,"{""hiking cycle"": 1}","{""accommodative monetary policy"": 1, ""unchanged"": 7, ""economic slowdown"": 1}"
2017-01-24,Statement of the Monetary Policy Committee,7.0,hold,7.0,hold,official_series,True,-4.403,2.0,13.0,2660,"{""hiking cycle"": 1}","{""unchanged"": 11, ""downside risk"": 1, ""disinflation"": 1}"
2017-03-30,Statement of the Monetary Policy Committee,7.0,hold,7.0,hold,official_series,True,-4.621,1.0,13.0,2474,"{""upside risk"": 1}","{""accommodative monetary policy"": 1, ""unchanged"": 5, ""downside risk"": 3, ""assessed to be on the downside"": 1, ""disinflation"": 1}"
2017-05-25,Statement of the Monetary Policy Committee,7.0,hold,7.0,hold,official_series,True,-4.618,1.0,12.0,2273,"{""upside risk"": 1}","{""unchanged"": 9, ""downside risk"": 1, ""below target"": 1, ""disinflation"": 1}"
2017-07-20,Statement of the Monetary Policy Committee,,cut,6.75,cut,official_series,True,-2.958,3.0,8.0,2450,"{""vigilant"": 1, ""upside risk"": 1, ""inflationary pressures"": 1}","{""reduce the repurchase rate"": 1, ""unchanged"": 5, ""below target"": 1}"
2017-09-21,Statement of the Monetary Policy Committee,6.75,hold,6.75,hold,official_series,True,-4.809,4.0,18.0,2368,"{""upside risk"": 3, ""above the target range"": 1}","{""lower interest rates"": 1, ""accommodative monetary policy"": 1, ""unchanged"": 12, ""downside risk"": 2}"
2017-11-23,Statement of the Monetary Policy Committee,6.75,hold,6.75,hold,official_series,True,0.0,4.0,4.0,2588,"{""upside risk"": 2, ""assessed to be on the upside"": 1}","{""unchanged"": 4}"
2018-01-18,Statement of the Monetary Policy Committee,6.75,hold,6.75,hold,official_series,True,-1.803,5.0,8.0,2649,"{""tightening bias"": 1, ""upside risk"": 1, ""assessed to be on the upside"": 1}","{""unchanged"": 8}"
2018-03-28,Statement of the Monetary Policy Committee,6.5,cut,6.5,cut,official_series,True,0.0,5.0,5.0,2163,"{""further tightening"": 1, ""tightening bias"": 1, ""second-round effects"": 1}","{""unchanged"": 5}"
2018-05-24,Statement of the Monetary Policy Committee,6.5,hold,6.5,hold,official_series,True,-2.703,4.0,8.0,2204,"{""upside risk"": 3, ""second-round effects"": 1}","{""lower interest rates"": 1, ""unchanged"": 6}"
2018-07-19,Statement of the Monetary Policy Committee,6.5,hold,6.5,hold,official_series,True,2.126,5.0,3.0,1468,"{""vigilant"": 1, ""upside risk"": 1, ""elevated inflation"": 1, ""second-round effects"": 2}","{""unchanged"": 3}"
2018-09-20,Statement of the Monetary Policy Committee,6.5,hold,6.5,hold,official_series,True,-2.313,2.0,4.0,1332,"{""vigilant"": 1, ""second-round effects"": 1}","{""unchanged"": 4}"
2018-11-22,Statement of the Monetary Policy Committee ,6.75,hike,6.75,hike,official_series,True,-1.13,3.0,4.0,1450,"{""increase the repurchase rate"": 1, ""second-round effects"": 1}","{""unchanged"": 4}"
2019-01-17,Statement of the Monetary Policy Committee ,6.75,hold,6.75,hold,official_series,True,-4.677,1.0,8.0,1373,"{""second-round effects"": 1}","{""accommodative monetary policy"": 1, ""unchanged"": 5, ""subdued demand"": 1}"
2019-03-28,Statement of the Monetary Policy Committee ,6.75,hold,6.75,hold,official_series,True,-4.328,1.0,7.0,1521,"{""second-round effects"": 1}","{""accommodative monetary policy"": 1, ""unchanged"": 5}"
2019-05-23,Statement of the Monetary Policy Committee ,6.75,hold,6.75,hold,official_series,True,-4.499,0.0,6.0,1359,{},"{""on hold"": 2, ""unchanged"": 4}"
2019-07-18,Statement of the Monetary Policy Committee ,6.5,cut,6.5,cut,official_series,True,-4.958,0.0,12.0,1463,{},"{""reduce the repurchase rate"": 1, ""unchanged"": 8, ""downside risks to growth"": 1}"
2019-09-19,Statement of the Monetary Policy Committee ,6.5,hold,6.5,hold,official_series,True,-4.901,0.0,9.0,1304,{},"{""unchanged"": 7, ""downside risks to growth"": 1}"
2019-11-21,Statement of the Monetary Policy Committee ,6.5,hold,6.5,hold,official_series,True,-4.937,0.0,10.0,1317,{},"{""on hold"": 1, ""unchanged"": 7, ""downside risks to growth"": 1}"
2020-01-16,Statement of the Monetary Policy Committee,,cut,6.25,cut,official_series,True,-4.566,0.0,6.0,1293,{},"{""reduce the repurchase rate"": 1, ""unchanged"": 1, ""downside risks to growth"": 1, ""below target"": 1}"
2020-03-19,Statement of the Monetary Policy Committee,,,5.25,cut,official_series,True,-1.14,0.0,1.0,1436,{},"{""downside risk"": 1}"
2020-04-14,Statement of the Monetary Policy Committee 14 April 2020,,,4.25,cut,official_series,True,-1.102,0.0,1.0,1487,{},"{""downside risk"": 1}"
2020-05-21,Statement of the Monetary Policy Committee,,,3.75,cut,official_series,True,1.186,2.0,1.0,1378,"{""upside risks to inflation"": 1}","{""unchanged"": 1}"
2020-07-23,Statement of the Monetary Policy Committee,,,3.5,cut,official_series,True,-3.165,2.0,5.0,1340,"{""upside risks to inflation"": 1}","{""rate cut"": 1, ""on hold"": 1, ""unchanged"": 2}"
2020-09-17,Statement of the Monetary Policy Committee,,,3.5,hold,official_series,True,-1.127,0.0,1.0,1453,{},"{""unchanged"": 1}"
2020-11-19,Statement of the Monetary Policy Committee,,,3.5,hold,official_series,True,-2.868,0.0,3.0,1532,{},"{""unchanged"": 3}"
2021-01-21,Statement of the Monetary Policy Committee,,,3.5,hold,official_series,True,-3.657,1.0,5.0,1431,"{""inflationary pressure"": 1}","{""unchanged"": 4, ""supportive of growth"": 1}"
2021-03-25,Statement of the Monetary Policy Committee March 2021,,,3.5,hold,official_series,True,-4.304,1.0,7.0,1543,"{""inflationary pressure"": 1}","{""unchanged"": 4, ""downside risks to growth"": 1, ""supportive of growth"": 1}"
2021-05-20,Statement of the Monetary Policy Committee May 2021,,,3.5,hold,official_series,True,-4.383,2.0,8.0,1470,"{""upside risk"": 2}","{""unchanged"": 5, ""downside risks to growth"": 1, ""supportive of growth"": 1}"
2021-07-22,Statement of the Monetary Policy Committee July 2021,6.75,hold,3.5,hold,official_series,True,-4.73,0.0,9.0,1673,{},"{""unchanged"": 7, ""downside risks to growth"": 1}"
2021-09-23,Statement of the Monetary Policy Committee September 2021,6.75,hold,3.5,hold,official_series,True,-4.295,0.0,7.0,1809,{},"{""unchanged"": 7}"
2021-11-18,Statement of the Monetary Policy Committee November 2021,3.75,hike,3.75,hike,official_series,True,-3.927,3.0,9.0,1888,"{""increase the repurchase rate"": 1, ""upside risk"": 1}","{""unchanged"": 8, ""well anchored"": 1}"
2022-01-27,Statement of the Monetary Policy Committee January 2022,4.0,hike,4.0,hike,official_series,True,-3.434,2.0,7.0,1980,"{""increase the repurchase rate"": 1}","{""unchanged"": 6, ""well anchored"": 1}"
2022-03-24,Statement of the Monetary Policy Committee March 2022,4.25,hike,4.25,hike,official_series,True,-1.596,3.0,5.0,2015,"{""increase the repurchase rate"": 1, ""de-anchoring"": 1}","{""lower interest rates"": 1, ""unchanged"": 3}"
2022-05-19,Statement of the Monetary Policy Committee May 2022,4.75,hike,4.75,hike,official_series,True,-2.847,3.0,7.0,2062,"{""increase the repurchase rate"": 1, ""de-anchoring"": 1}","{""lower interest rates"": 1, ""unchanged"": 5}"
2022-07-21,Statement of the Monetary Policy Committee July 2022,5.5,hike,5.5,hike,official_series,True,-3.318,3.0,8.0,2085,"{""increase the repurchase rate"": 1, ""de-anchoring"": 1}","{""lower interest rates"": 1, ""unchanged"": 5, ""supportive of growth"": 1}"
2022-09-22,Statement of the Monetary Policy Committee September 2022,6.25,hike,6.25,hike,official_series,True,-3.993,3.0,10.0,2131,"{""increase the repurchase rate"": 1, ""de-anchoring"": 1}","{""lower interest rates"": 1, ""unchanged"": 7, ""supportive of growth"": 1}"
2022-11-24,Statement of the Monetary Policy Committee November 2022,7.0,hike,7.0,hike,official_series,True,-4.567,4.0,14.0,2153,"{""increase the repurchase rate"": 1, ""upside risk"": 1, ""de-anchoring"": 1}","{""lower interest rates"": 1, ""unchanged"": 11, ""disinflation"": 1}"
2023-01-26,Statement of the Monetary Policy Committee January 2023,7.25,hike,7.25,hike,official_series,True,-2.98,3.0,8.0,2426,"{""increase the repurchase rate"": 1, ""de-anchoring"": 1}","{""lower interest rates"": 1, ""unchanged"": 6}"
2023-03-30,Statement of the Monetary Policy Committee March 2023,7.75,hike,7.75,hike,official_series,True,-2.608,4.0,8.0,2305,"{""increase the repurchase rate"": 1, ""less accommodative"": 1, ""de-anchoring"": 1}","{""lower interest rates"": 1, ""unchanged"": 6}"
2023-05-25,Statement of the Monetary Policy Committee May 2023,8.25,hike,8.25,hike,official_series,True,-2.794,6.0,10.0,2113,"{""increase the repurchase rate"": 1, ""upside risk"": 1, ""elevated inflation"": 1, ""persistent inflation"": 1, ""de-anchoring"": 1}","{""lower interest rates"": 1, ""unchanged"": 6, ""downside risks to growth"": 1}"
2023-07-20,Statement of the Monetary Policy Committee July 2023,8.25,hold,8.25,hold,official_series,True,-3.804,3.0,9.0,2004,"{""vigilant"": 1, ""elevated inflation"": 1, ""de-anchoring"": 1}","{""lower interest rates"": 1, ""on hold"": 1, ""unchanged"": 6}"
2023-09-21,Statement of the Monetary Policy Committee September 2023,8.25,hold,8.25,hold,official_series,True,-3.781,4.0,10.0,2026,"{""vigilant"": 1, ""elevated inflation"": 2, ""de-anchoring"": 1}","{""lower interest rates"": 1, ""on hold"": 1, ""unchanged"": 7}"
2023-11-23,Statement of the Monetary Policy Committee November 2023,8.25,hold,8.25,hold,official_series,True,0.812,5.0,4.0,2034,"{""vigilant"": 1, ""elevated inflation"": 2, ""robust growth"": 1, ""de-anchoring"": 1}","{""lower interest rates"": 1, ""unchanged"": 2}"
2024-01-25,Statement of the Monetary Policy Committee January 2024,8.25,hold,8.25,hold,official_series,True,-3.076,0.0,4.0,1859,{},"{""unchanged"": 4}"
2024-03-27,Statement of the Monetary Policy Committee March 2024,,,8.25,hold,official_series,True,0.0,1.0,1.0,946,"{""elevated inflation"": 1}","{""unchanged"": 1}"
2024-05-30,Statement of the Monetary Policy Committee May 2024,8.25,hold,8.25,hold,official_series,True,-3.265,1.0,3.0,854,"{""not yet done"": 1}","{""unchanged"": 3}"
2024-07-18,Statement of the Monetary Policy Committee July 2024,8.25,hold,8.25,hold,official_series,True,-4.916,0.0,7.0,979,{},"{""unchanged"": 7}"
2024-09-19,Statement of the Monetary Policy Committee September 2024,8.0,cut,8.0,cut,official_series,True,2.367,3.0,1.0,1296,"{""restrictive stance"": 1, ""inflationary pressure"": 1}","{""unchanged"": 1}"
2024-11-21,Statement of the Monetary Policy Committee November 2024,7.75,cut,7.75,cut,official_series,True,2.785,2.0,0.0,1061,"{""above target"": 2}",{}
2025-01-30,Statement of the Monetary Policy Committee January 2025,7.5,cut,7.5,cut,official_series,True,-3.485,1.0,4.0,1161,"{""vigilant"": 1}","{""lower interest rates"": 1, ""unchanged"": 2}"
2025-03-20,Statement of the Monetary Policy Committee March 2025,7.5,hold,7.5,hold,official_series,True,-1.512,2.0,3.0,1068,"{""vigilant"": 1, ""above target"": 1}","{""unchanged"": 2, ""subdued demand"": 1}"
2025-05-29,Statement of the Monetary Policy Committee May 2025,7.25,cut,7.25,cut,official_series,True,-4.61,0.0,5.0,1040,{},"{""lower interest rates"": 1, ""unchanged"": 1, ""downside risks to growth"": 1}"
2025-07-31,Statement of the Monetary Policy Committee July 2025,7.0,cut,7.0,cut,official_series,True,-4.728,1.0,7.0,1118,"{""inflationary pressures"": 1}","{""lower interest rates"": 2, ""pause"": 1, ""unchanged"": 2}"
2025-09-18,Statement of the Monetary Policy Committee September 2025,7.0,hold,7.0,hold,official_series,True,-3.032,1.0,3.0,948,"{""persistent inflation"": 1}","{""on hold"": 1, ""unchanged"": 1, ""disinflation"": 1}"
2025-11-20,Statement of the Monetary Policy Committee November 2025,6.75,,6.75,cut,official_series,True,-1.245,0.0,1.0,1311,{},"{""unchanged"": 1}"
2026-01-29,Statement of the Monetary Policy Committee January 2026,6.75,hold,6.75,hold,official_series,True,-2.633,0.0,2.0,1139,{},"{""unchanged"": 2}"
2026-03-26,Statement of the Monetary Policy Committee March 2026,6.75,hold,6.75,hold,official_series,True,-3.529,2.0,5.0,1138,"{""second-round effects"": 2}","{""unchanged"": 5}"
2026-05-28,Statement of the Monetary Policy Committee May 2026,,,7.0,hike,official_series,True,0.0,3.0,3.0,1153,"{""upside risks to inflation"": 1, ""second-round effects"": 1}","{""on hold"": 1, ""downside risks to growth"": 1}"
2026-07-23,Statement of the Monetary Policy Committee July 2026,,,7.0,hold,official_series,True,1.341,6.0,5.0,1212,"{""rate hike"": 1, ""upside risks to inflation"": 1, ""above target"": 2}","{""on hold"": 1, ""unchanged"": 2, ""downside risks to growth"": 1}"
