meeting_date,rate_action_final,bps_change,statement_index,avg_speech_index,n_speeches_in_window
2000-02-22,,,0.0,,0
2000-03-02,,,0.9302,,0
2000-03-20,,,1.1304,0.95,1
2000-04-06,hold,,0.7974,0.95,1
2000-05-19,,,1.0515,0.9714,1
2000-06-15,,,0.5688,,0
2000-08-11,,,0.9053,1.0526,1
2000-09-21,,,0.7213,,0
2000-10-16,hike,,1.2727,0.9213,1
2000-11-16,,,0.8679,1.2,1
2001-01-19,,,0.7107,,0
2001-03-16,,,0.6154,0.6506,1
2001-04-25,,,0.4865,0.5743,1
2001-06-14,,,0.6207,,0
2001-07-26,cut,,0.19,0.5714,1
2001-09-20,cut,,0.6667,0.763,2
2001-11-15,,,0.2256,1.037,1
2002-01-15,hike,,2.0,0.8169,1
2002-03-14,hike,100.0,1.4286,1.1648,1
2002-06-13,hike,100.0,1.3684,,0
2002-09-12,hike,100.0,1.4286,,0
2002-11-28,hold,0.0,1.0,,0
2003-03-20,hold,0.0,0.8919,,0
2003-06-12,cut,-150.0,-0.1176,,0
2003-08-14,cut,-100.0,0.4471,,0
2003-09-10,cut,-100.0,0.7333,0.7305,1
2003-10-16,cut,-150.0,0.5854,,0
2003-12-11,cut,-50.0,0.75,,0
2004-02-26,hold,0.0,0.76,,0
2004-04-22,hold,0.0,0.8261,,0
2004-06-10,hold,0.0,1.0108,,0
2004-08-12,cut,-50.0,0.784,1.097,2
2004-10-14,hold,0.0,0.7727,,0
2004-12-09,hold,0.0,1.04,,0
2005-02-10,hold,0.0,1.156,,0
2005-04-14,cut,-50.0,0.5517,,0
2005-06-09,hold,0.0,0.9677,,0
2005-08-11,hold,0.0,0.9231,1.0191,2
2005-10-13,hold,0.0,1.125,,0
2005-12-08,hold,0.0,0.75,1.1134,2
2006-02-02,hold,0.0,1.0,,0
2006-04-13,hold,0.0,0.76,,0
2006-06-08,hold,50.0,0.6275,,0
2006-08-03,hold,50.0,1.0435,,0
2006-10-12,hike,50.0,0.8148,0.9207,6
2006-12-07,hike,50.0,0.9425,1.0236,10
2007-02-15,hold,0.0,0.9787,0.8311,7
2007-04-12,hold,0.0,0.819,1.4361,1
2007-06-07,hike,50.0,1.4016,0.8487,2
2007-08-16,hike,50.0,0.6916,1.0448,4
2007-10-11,hike,50.0,0.6667,0.7722,4
2007-12-06,hike,50.0,0.56,0.8889,1
2008-01-31,hold,0.0,0.0526,0.3729,1
2008-04-10,hike,50.0,0.4615,0.3866,1
2008-06-12,hike,50.0,0.4762,0.699,7
2008-08-14,hold,0.0,0.297,0.9548,3
2008-10-09,hold,0.0,0.2268,0.7532,2
2008-12-11,cut,-50.0,-0.4286,0.6087,1
2009-02-05,cut,-100.0,-0.2424,,0
2009-03-24,cut,-100.0,-0.2222,0.5798,2
2009-04-30,cut,-100.0,-0.0241,0.6027,1
2009-05-28,cut,-100.0,-0.1463,0.1185,4
2009-06-25,hold,0.0,-0.0241,,0
2009-08-13,cut,-50.0,-0.1765,0.4918,1
2009-09-22,hold,0.0,-0.0779,1.354,1
2009-10-22,hold,0.0,0.1081,0.7059,2
2009-11-17,hold,0.0,-0.1224,1.0,1
2010-01-26,hold,0.0,0.297,0.9846,1
2010-03-25,cut,-50.0,0.5,0.8788,2
2010-05-13,hold,0.0,0.6506,0.597,4
2010-07-22,hold,0.0,0.1205,0.4514,3
2010-09-09,cut,-50.0,0.1695,0.2667,1
2010-11-18,cut,-50.0,0.5385,0.5152,5
2011-01-20,hold,0.0,0.7576,0.4284,2
2011-03-24,hold,0.0,0.5827,0.982,3
2011-05-12,hold,0.0,0.6947,1.143,4
2011-07-21,hold,0.0,0.5827,0.8774,7
2011-09-22,hold,0.0,0.1488,0.896,4
2011-11-10,hold,0.0,0.4854,0.6389,1
2012-01-19,hold,0.0,0.4839,0.0917,1
2012-03-29,hold,0.0,0.7114,1.0649,3
2012-05-24,hold,0.0,0.3802,0.6459,3
2012-07-19,cut,-50.0,0.0741,0.764,5
2012-09-20,hold,0.0,0.3669,0.8714,8
2012-11-22,hold,0.0,0.4459,0.771,9
2013-01-24,hold,0.0,0.5833,0.4389,2
2013-03-20,hold,0.0,0.5393,0.381,2
2013-05-23,hold,0.0,0.2545,1.0202,3
2013-07-18,hold,0.0,0.5714,0.5888,3
2013-09-19,hold,0.0,0.2303,0.9092,8
2013-11-21,hold,0.0,0.3607,0.9088,8
2014-01-29,hike,50.0,0.3288,0.6378,2
2014-03-27,hold,0.0,0.5695,0.8456,4
2014-05-22,hold,0.0,0.0263,0.6133,2
2014-07-17,hike,25.0,0.1887,0.6286,4
2014-09-18,hold,0.0,0.3354,0.5055,5
2014-11-20,hold,0.0,0.0988,0.572,8
2015-01-29,hold,0.0,0.1091,0.4742,1
2015-03-26,hold,0.0,0.3077,0.341,5
2015-05-21,hold,0.0,0.3311,0.7007,4
2015-07-23,hike,25.0,0.137,0.4134,4
2015-09-23,hold,0.0,-0.1583,0.2176,4
2015-11-19,hike,25.0,0.2769,0.6088,9
2016-01-28,hike,50.0,0.1793,0.323,3
2016-03-17,hike,25.0,0.4054,0.296,2
2016-05-19,hold,0.0,0.3401,0.4546,2
2016-07-21,hold,0.0,0.0719,0.6606,5
2016-09-22,hold,0.0,0.3158,0.5989,9
2016-11-24,hold,0.0,0.6457,0.6334,4
2017-01-24,hold,0.0,0.5103,0.2499,2
2017-03-30,hold,0.0,0.55,1.1336,4
2017-05-25,hold,0.0,0.1311,0.5451,3
2017-07-20,cut,-25.0,0.0571,0.7576,5
2017-09-21,hold,0.0,0.3111,0.5177,9
2017-11-23,hold,0.0,0.3262,0.6957,7
2018-01-18,hold,0.0,0.7407,0.2955,1
2018-03-28,cut,-25.0,0.5085,0.4687,2
2018-05-24,hold,0.0,0.6364,0.5768,4
2018-07-19,hold,0.0,0.2222,0.7634,3
2018-09-20,hold,0.0,0.4416,0.6767,7
2018-11-22,hike,25.0,0.321,0.6693,7
2019-01-17,hold,0.0,0.0274,0.3772,2
2019-03-28,hold,0.0,0.0,0.7679,4
2019-05-23,hold,0.0,-0.1081,0.388,3
2019-07-18,cut,-25.0,-0.4615,0.845,6
2019-09-19,hold,0.0,0.0845,0.5584,2
2019-11-21,hold,0.0,-0.2588,,0
2020-01-16,cut,-25.0,-0.0976,,0
2020-03-19,cut,-100.0,-0.2687,0.4267,1
2020-04-14,cut,-100.0,0.0299,,0
2020-05-21,cut,-50.0,-0.1961,,0
2020-07-23,cut,-25.0,-0.1091,0.1538,1
2020-09-17,hold,0.0,0.1143,0.3426,3
2020-11-19,hold,0.0,0.2535,0.259,3
2021-01-21,hold,0.0,0.5143,0.3179,2
2021-03-25,hold,0.0,0.6364,,0
2021-05-20,hold,0.0,0.7294,,0
2021-07-22,hold,0.0,0.8764,1.3548,1
2021-09-23,hold,0.0,0.5882,0.6044,3
2021-11-18,hike,25.0,0.7789,,0
2022-01-27,hike,25.0,0.8814,,0
2022-03-24,hike,25.0,1.008,,0
2022-05-19,hike,50.0,0.9027,0.4795,2
2022-07-21,hike,75.0,0.9831,,0
2022-09-22,hike,75.0,0.2373,0.3296,5
2022-11-24,hike,75.0,0.4696,0.8795,3
2023-01-26,hike,25.0,0.5676,,0
2023-03-30,hike,50.0,0.7737,0.6284,3
2023-05-25,hike,50.0,0.8661,0.7925,6
2023-07-20,hold,0.0,0.5143,0.5806,2
2023-09-21,hold,0.0,0.6667,0.6165,3
2023-11-23,hold,0.0,0.6786,0.5416,2
2024-01-25,hold,0.0,0.6105,0.4867,2
2024-03-27,hold,0.0,0.5778,0.968,3
2024-05-30,hold,0.0,0.9231,0.6748,3
2024-07-18,hold,0.0,0.8,-0.023,1
2024-09-19,cut,-25.0,0.3297,0.8499,4
2024-11-21,cut,-25.0,0.3133,0.9398,3
2025-01-30,cut,-25.0,0.3188,,0
2025-03-20,hold,0.0,0.1687,0.5263,1
2025-05-29,cut,-25.0,-0.0952,0.6818,2
2025-07-31,cut,-25.0,0.3797,0.24,1
2025-09-18,hold,0.0,0.7742,0.5253,4
2025-11-20,cut,-25.0,0.8,0.7133,6
2026-01-29,hold,0.0,0.5753,0.1684,2
2026-03-26,hold,0.0,0.8197,0.25,1
2026-05-28,hike,25.0,0.7042,0.4951,3
2026-07-23,hold,0.0,0.8267,0.7697,6
